{
    "frames": {
        "idle_0": { "frame": { "x": 0, "y": 16, "w": 32, "h": 16 } },
        "idle_1": { "frame": { "x": 32, "y": 16, "w": 32, "h": 16 } },
        "idle_2": { "frame": { "x": 64, "y": 16, "w": 32, "h": 16 } },
        "idle_3": { "frame": { "x": 96, "y": 16, "w": 32, "h": 16 } },
        "idle_4": { "frame": { "x": 128, "y": 16, "w": 32, "h": 16 } },
        "run_0": { "frame": { "x": 0, "y": 80, "w": 32, "h": 16 } },
        "run_1": { "frame": { "x": 32, "y": 80, "w": 32, "h": 16 } },
        "run_2": { "frame": { "x": 64, "y": 80, "w": 32, "h": 16 } },
        "run_3": { "frame": { "x": 96, "y": 80, "w": 32, "h": 16 } },
        "run_4": { "frame": { "x": 128, "y": 80, "w": 32, "h": 16 } },
        "run_5": { "frame": { "x": 160, "y": 80, "w": 32, "h": 16 } },
        "run_6": { "frame": { "x": 192, "y": 80, "w": 32, "h": 16 } },
        "run_7": { "frame": { "x": 224, "y": 80, "w": 32, "h": 16 } },
        "jump_0": { "frame": { "x": 0, "y": 110, "w": 32, "h": 18 } },
        "jump_1": { "frame": { "x": 32, "y": 110, "w": 32, "h": 18 } },
        "jump_2": { "frame": { "x": 64, "y": 110, "w": 32, "h": 18 } },
        "jump_3": { "frame": { "x": 96, "y": 110, "w": 32, "h": 18 } },
        "jump_4": { "frame": { "x": 128, "y": 110, "w": 32, "h": 18 } },
        "jump_5": { "frame": { "x": 160, "y": 110, "w": 32, "h": 18 } },
        "jump_6": { "frame": { "x": 192, "y": 110, "w": 32, "h": 18 } },
        "jump_7": { "frame": { "x": 224, "y": 110, "w": 32, "h": 18 } },
        "death": { "frame": { "x": 0, "y": 240, "w": 32, "h": 16 } }
    },
    "meta": {
        "image": "fox_spritesheet.png",
        "size": { "w": 448, "h": 256 },
        "scale": "1"
    }
}